timestamp_jst,date_jst,rank,message
2026-03-13 22:50:56,2026-03-13,末吉,新しいことより、昨日の内容を1つ復習するのが良い日です。
2026-03-13 23:13:18,2026-03-13,末吉,新しいことより、昨日の内容を1つ復習するのが良い日です。
2026-03-14 00:01:51,2026-03-14,末吉,新しいことより、昨日の内容を1つ復習するのが良い日です。
2026-03-14 00:53:17,2026-03-14,凶,無理に進めず、既知の定理カードを眺めるだけでも十分です。
2026-03-14 01:24:38,2026-03-14,中吉,定義を1つ丁寧に見直すと理解が深まります。
2026-03-14 02:04:07,2026-03-14,末吉,新しいことより、昨日の内容を1つ復習するのが良い日です。
2026-03-14 02:48:08,2026-03-14,大吉,今日は集中力が高い日。短い復習を1つ片づけると流れが良くなります。
2026-03-14 03:22:19,2026-03-14,末吉,新しいことより、昨日の内容を1つ復習するのが良い日です。
2026-03-14 04:04:28,2026-03-14,凶,無理に進めず、既知の定理カードを眺めるだけでも十分です。
2026-03-14 04:41:07,2026-03-14,末吉,新しいことより、昨日の内容を1つ復習するのが良い日です。
2026-03-14 05:00:26,2026-03-14,小吉,証明を全部読むより、主張と仮定だけ確認すると前進できます。
2026-03-14 05:44:43,2026-03-14,凶,無理に進めず、既知の定理カードを眺めるだけでも十分です。
2026-03-14 06:17:52,2026-03-14,大吉,今日は集中力が高い日。短い復習を1つ片づけると流れが良くなります。
2026-03-14 06:50:05,2026-03-14,末吉,新しいことより、昨日の内容を1つ復習するのが良い日です。
2026-03-14 07:15:51,2026-03-14,小吉,証明を全部読むより、主張と仮定だけ確認すると前進できます。
2026-03-14 07:45:59,2026-03-14,小吉,証明を全部読むより、主張と仮定だけ確認すると前進できます。
2026-03-14 08:02:26,2026-03-14,大吉,今日は集中力が高い日。短い復習を1つ片づけると流れが良くなります。
2026-03-14 08:37:18,2026-03-14,大吉,今日は集中力が高い日。短い復習を1つ片づけると流れが良くなります。
2026-03-14 08:57:31,2026-03-14,中吉,定義を1つ丁寧に見直すと理解が深まります。
2026-03-14 10:58:35,2026-03-14,小吉,証明を全部読むより、主張と仮定だけ確認すると前進できます。
2026-03-14 13:12:18,2026-03-14,凶,無理に進めず、既知の定理カードを眺めるだけでも十分です。
2026-03-14 14:16:18,2026-03-14,中吉,定義を1つ丁寧に見直すと理解が深まります。
2026-03-14 15:01:42,2026-03-14,末吉,新しいことより、昨日の内容を1つ復習するのが良い日です。
2026-03-14 16:01:01,2026-03-14,大吉,今日は集中力が高い日。短い復習を1つ片づけると流れが良くなります。
2026-03-14 16:40:15,2026-03-14,凶,無理に進めず、既知の定理カードを眺めるだけでも十分です。
2026-03-14 16:59:58,2026-03-14,末吉,新しいことより、昨日の内容を1つ復習するのが良い日です。
2026-03-14 17:43:04,2026-03-14,凶,無理に進めず、既知の定理カードを眺めるだけでも十分です。
2026-03-14 18:05:27,2026-03-14,末吉,新しいことより、昨日の内容を1つ復習するのが良い日です。
2026-03-14 18:46:29,2026-03-14,中吉,定義を1つ丁寧に見直すと理解が深まります。
2026-03-14 19:02:11,2026-03-14,中吉,定義を1つ丁寧に見直すと理解が深まります。
2026-03-14 19:39:26,2026-03-14,凶,無理に進めず、既知の定理カードを眺めるだけでも十分です。
2026-03-14 19:59:41,2026-03-14,末吉,新しいことより、昨日の内容を1つ復習するのが良い日です。
2026-03-14 20:29:30,2026-03-14,大吉,今日は集中力が高い日。短い復習を1つ片づけると流れが良くなります。
2026-03-14 20:48:10,2026-03-14,末吉,新しいことより、昨日の内容を1つ復習するのが良い日です。
2026-03-14 20:59:53,2026-03-14,凶,無理に進めず、既知の定理カードを眺めるだけでも十分です。
2026-03-14 22:04:42,2026-03-14,吉,手を動かして式を1行だけ書くと調子が出ます。
2026-03-14 22:52:43,2026-03-14,凶,無理に進めず、既知の定理カードを眺めるだけでも十分です。
2026-03-14 23:16:25,2026-03-14,末吉,新しいことより、昨日の内容を1つ復習するのが良い日です。
2026-03-14 23:48:18,2026-03-14,小吉,証明を全部読むより、主張と仮定だけ確認すると前進できます。
2026-03-15 00:12:57,2026-03-15,末吉,新しいことより、昨日の内容を1つ復習するのが良い日です。
2026-03-15 00:42:21,2026-03-15,凶,無理に進めず、既知の定理カードを眺めるだけでも十分です。
2026-03-15 00:58:25,2026-03-15,凶,無理に進めず、既知の定理カードを眺めるだけでも十分です。
2026-03-15 01:34:54,2026-03-15,中吉,定義を1つ丁寧に見直すと理解が深まります。
2026-03-15 01:59:47,2026-03-15,小吉,証明を全部読むより、主張と仮定だけ確認すると前進できます。
2026-03-15 02:32:37,2026-03-15,末吉,新しいことより、昨日の内容を1つ復習するのが良い日です。
2026-03-15 02:54:20,2026-03-15,凶,無理に進めず、既知の定理カードを眺めるだけでも十分です。
2026-03-15 03:24:19,2026-03-15,凶,無理に進めず、既知の定理カードを眺めるだけでも十分です。
2026-03-15 04:01:42,2026-03-15,中吉,定義を1つ丁寧に見直すと理解が深まります。
2026-03-15 04:35:09,2026-03-15,小吉,証明を全部読むより、主張と仮定だけ確認すると前進できます。
2026-03-15 04:52:03,2026-03-15,末吉,新しいことより、昨日の内容を1つ復習するのが良い日です。
2026-03-15 05:12:39,2026-03-15,末吉,新しいことより、昨日の内容を1つ復習するのが良い日です。
2026-03-15 05:45:10,2026-03-15,中吉,定義を1つ丁寧に見直すと理解が深まります。
2026-03-15 06:02:19,2026-03-15,末吉,新しいことより、昨日の内容を1つ復習するのが良い日です。
2026-03-15 06:35:04,2026-03-15,小吉,証明を全部読むより、主張と仮定だけ確認すると前進できます。
2026-03-15 06:53:40,2026-03-15,末吉,新しいことより、昨日の内容を1つ復習するのが良い日です。
2026-03-15 07:14:18,2026-03-15,大吉,今日は集中力が高い日。短い復習を1つ片づけると流れが良くなります。
2026-03-15 07:46:14,2026-03-15,末吉,新しいことより、昨日の内容を1つ復習するのが良い日です。
2026-03-15 08:03:12,2026-03-15,凶,無理に進めず、既知の定理カードを眺めるだけでも十分です。
2026-03-15 08:37:44,2026-03-15,大吉,今日は集中力が高い日。短い復習を1つ片づけると流れが良くなります。
2026-03-15 08:56:34,2026-03-15,大吉,今日は集中力が高い日。短い復習を1つ片づけると流れが良くなります。
2026-03-15 11:03:32,2026-03-15,大吉,今日は集中力が高い日。短い復習を1つ片づけると流れが良くなります。
2026-03-15 13:38:42,2026-03-15,末吉,新しいことより、昨日の内容を1つ復習するのが良い日です。
2026-03-15 14:53:02,2026-03-15,小吉,証明を全部読むより、主張と仮定だけ確認すると前進できます。
2026-03-15 15:40:39,2026-03-15,末吉,新しいことより、昨日の内容を1つ復習するのが良い日です。
2026-03-15 16:32:38,2026-03-15,大吉,今日は集中力が高い日。短い復習を1つ片づけると流れが良くなります。
2026-03-15 17:01:02,2026-03-15,大吉,今日は集中力が高い日。短い復習を1つ片づけると流れが良くなります。
2026-03-15 17:50:01,2026-03-15,小吉,証明を全部読むより、主張と仮定だけ確認すると前進できます。
2026-03-15 18:20:30,2026-03-15,末吉,新しいことより、昨日の内容を1つ復習するのが良い日です。
2026-03-15 18:52:12,2026-03-15,凶,無理に進めず、既知の定理カードを眺めるだけでも十分です。
2026-03-15 19:15:38,2026-03-15,小吉,証明を全部読むより、主張と仮定だけ確認すると前進できます。
2026-03-15 19:51:03,2026-03-15,大吉,今日は集中力が高い日。短い復習を1つ片づけると流れが良くなります。
2026-03-15 20:14:12,2026-03-15,凶,無理に進めず、既知の定理カードを眺めるだけでも十分です。
2026-03-15 20:40:21,2026-03-15,大吉,今日は集中力が高い日。短い復習を1つ片づけると流れが良くなります。
2026-03-15 20:55:12,2026-03-15,小吉,証明を全部読むより、主張と仮定だけ確認すると前進できます。
2026-03-15 21:35:52,2026-03-15,小吉,証明を全部読むより、主張と仮定だけ確認すると前進できます。
2026-03-15 22:32:01,2026-03-15,小吉,証明を全部読むより、主張と仮定だけ確認すると前進できます。
2026-03-15 23:03:43,2026-03-15,中吉,定義を1つ丁寧に見直すと理解が深まります。
2026-03-15 23:42:56,2026-03-15,凶,無理に進めず、既知の定理カードを眺めるだけでも十分です。
2026-03-16 00:02:02,2026-03-16,末吉,新しいことより、昨日の内容を1つ復習するのが良い日です。
2026-03-16 00:37:56,2026-03-16,吉,手を動かして式を1行だけ書くと調子が出ます。
2026-03-16 00:56:48,2026-03-16,末吉,新しいことより、昨日の内容を1つ復習するのが良い日です。
2026-03-16 01:29:04,2026-03-16,大吉,今日は集中力が高い日。短い復習を1つ片づけると流れが良くなります。
2026-03-16 01:57:38,2026-03-16,凶,無理に進めず、既知の定理カードを眺めるだけでも十分です。
2026-03-16 02:27:15,2026-03-16,凶,無理に進めず、既知の定理カードを眺めるだけでも十分です。
2026-03-16 02:53:20,2026-03-16,中吉,定義を1つ丁寧に見直すと理解が深まります。
2026-03-16 03:21:45,2026-03-16,末吉,新しいことより、昨日の内容を1つ復習するのが良い日です。
2026-03-16 04:00:43,2026-03-16,吉,手を動かして式を1行だけ書くと調子が出ます。
2026-03-16 04:35:15,2026-03-16,末吉,新しいことより、昨日の内容を1つ復習するのが良い日です。
2026-03-16 04:52:45,2026-03-16,中吉,定義を1つ丁寧に見直すと理解が深まります。
2026-03-16 05:13:35,2026-03-16,中吉,定義を1つ丁寧に見直すと理解が深まります。
2026-03-16 05:46:57,2026-03-16,大吉,今日は集中力が高い日。短い復習を1つ片づけると流れが良くなります。
2026-03-16 06:04:05,2026-03-16,末吉,新しいことより、昨日の内容を1つ復習するのが良い日です。
2026-03-16 06:37:33,2026-03-16,末吉,新しいことより、昨日の内容を1つ復習するのが良い日です。
2026-03-16 06:56:13,2026-03-16,吉,手を動かして式を1行だけ書くと調子が出ます。
2026-03-16 07:23:04,2026-03-16,吉,手を動かして式を1行だけ書くと調子が出ます。
2026-03-16 07:51:05,2026-03-16,吉,手を動かして式を1行だけ書くと調子が出ます。
2026-03-16 08:16:23,2026-03-16,吉,手を動かして式を1行だけ書くと調子が出ます。
2026-03-16 08:46:44,2026-03-16,凶,無理に進めず、既知の定理カードを眺めるだけでも十分です。
2026-03-16 09:03:02,2026-03-16,中吉,定義を1つ丁寧に見直すと理解が深まります。
2026-03-16 12:28:50,2026-03-16,大吉,今日は集中力が高い日。短い復習を1つ片づけると流れが良くなります。
2026-03-16 14:28:24,2026-03-16,吉,手を動かして式を1行だけ書くと調子が出ます。
2026-03-16 15:52:26,2026-03-16,末吉,新しいことより、昨日の内容を1つ復習するのが良い日です。
2026-03-16 16:59:13,2026-03-16,小吉,証明を全部読むより、主張と仮定だけ確認すると前進できます。
2026-03-16 18:02:20,2026-03-16,大吉,今日は集中力が高い日。短い復習を1つ片づけると流れが良くなります。
2026-03-16 19:11:54,2026-03-16,末吉,新しいことより、昨日の内容を1つ復習するのが良い日です。
2026-03-16 20:11:18,2026-03-16,吉,手を動かして式を1行だけ書くと調子が出ます。
2026-03-16 20:56:36,2026-03-16,吉,手を動かして式を1行だけ書くと調子が出ます。
2026-03-16 22:04:01,2026-03-16,凶,無理に進めず、既知の定理カードを眺めるだけでも十分です。
2026-03-16 23:23:32,2026-03-16,吉,手を動かして式を1行だけ書くと調子が出ます。
2026-03-17 00:35:38,2026-03-17,凶,無理に進めず、既知の定理カードを眺めるだけでも十分です。
2026-03-17 01:40:52,2026-03-17,中吉,定義を1つ丁寧に見直すと理解が深まります。
2026-03-17 02:43:09,2026-03-17,凶,無理に進めず、既知の定理カードを眺めるだけでも十分です。
2026-03-17 03:38:29,2026-03-17,吉,手を動かして式を1行だけ書くと調子が出ます。
2026-03-17 04:39:10,2026-03-17,小吉,証明を全部読むより、主張と仮定だけ確認すると前進できます。
2026-03-17 05:04:38,2026-03-17,小吉,証明を全部読むより、主張と仮定だけ確認すると前進できます。
2026-03-17 05:53:18,2026-03-17,大吉,今日は集中力が高い日。短い復習を1つ片づけると流れが良くなります。
2026-03-17 06:27:22,2026-03-17,大吉,今日は集中力が高い日。短い復習を1つ片づけると流れが良くなります。
2026-03-17 07:01:45,2026-03-17,中吉,定義を1つ丁寧に見直すと理解が深まります。
2026-03-17 07:44:48,2026-03-17,大吉,今日は集中力が高い日。短い復習を1つ片づけると流れが良くなります。
2026-03-17 08:03:38,2026-03-17,末吉,新しいことより、昨日の内容を1つ復習するのが良い日です。
2026-03-17 08:39:21,2026-03-17,小吉,証明を全部読むより、主張と仮定だけ確認すると前進できます。
2026-03-17 08:57:59,2026-03-17,末吉,新しいことより、昨日の内容を1つ復習するのが良い日です。
2026-03-17 11:09:07,2026-03-17,凶,無理に進めず、既知の定理カードを眺めるだけでも十分です。
2026-03-17 13:25:53,2026-03-17,大吉,今日は集中力が高い日。短い復習を1つ片づけると流れが良くなります。
2026-03-17 14:40:52,2026-03-17,吉,手を動かして式を1行だけ書くと調子が出ます。
2026-03-17 15:43:01,2026-03-17,大吉,今日は集中力が高い日。短い復習を1つ片づけると流れが良くなります。
2026-03-17 16:41:20,2026-03-17,小吉,証明を全部読むより、主張と仮定だけ確認すると前進できます。
2026-03-17 17:30:09,2026-03-17,中吉,定義を1つ丁寧に見直すと理解が深まります。
2026-03-17 18:30:20,2026-03-17,吉,手を動かして式を1行だけ書くと調子が出ます。
2026-03-17 19:26:58,2026-03-17,小吉,証明を全部読むより、主張と仮定だけ確認すると前進できます。
2026-03-17 20:13:04,2026-03-17,末吉,新しいことより、昨日の内容を1つ復習するのが良い日です。
2026-03-17 20:56:06,2026-03-17,吉,手を動かして式を1行だけ書くと調子が出ます。
2026-03-17 22:01:10,2026-03-17,凶,無理に進めず、既知の定理カードを眺めるだけでも十分です。
2026-03-17 23:20:57,2026-03-17,凶,無理に進めず、既知の定理カードを眺めるだけでも十分です。
2026-03-18 00:33:26,2026-03-18,末吉,新しいことより、昨日の内容を1つ復習するのが良い日です。
2026-03-18 01:42:46,2026-03-18,中吉,定義を1つ丁寧に見直すと理解が深まります。
2026-03-18 02:41:47,2026-03-18,小吉,証明を全部読むより、主張と仮定だけ確認すると前進できます。
2026-03-18 03:36:36,2026-03-18,吉,手を動かして式を1行だけ書くと調子が出ます。
2026-03-18 04:38:28,2026-03-18,中吉,定義を1つ丁寧に見直すと理解が深まります。
2026-03-18 05:06:16,2026-03-18,大吉,今日は集中力が高い日。短い復習を1つ片づけると流れが良くなります。
2026-03-18 05:53:40,2026-03-18,小吉,証明を全部読むより、主張と仮定だけ確認すると前進できます。
2026-03-18 06:26:50,2026-03-18,中吉,定義を1つ丁寧に見直すと理解が深まります。
2026-03-18 07:00:56,2026-03-18,中吉,定義を1つ丁寧に見直すと理解が深まります。
2026-03-18 07:43:05,2026-03-18,凶,無理に進めず、既知の定理カードを眺めるだけでも十分です。
2026-03-18 08:05:46,2026-03-18,大吉,今日は集中力が高い日。短い復習を1つ片づけると流れが良くなります。
2026-03-18 08:44:20,2026-03-18,小吉,証明を全部読むより、主張と仮定だけ確認すると前進できます。
2026-03-18 09:02:55,2026-03-18,末吉,新しいことより、昨日の内容を1つ復習するのが良い日です。
2026-03-18 12:15:02,2026-03-18,凶,無理に進めず、既知の定理カードを眺めるだけでも十分です。
2026-03-18 14:07:37,2026-03-18,末吉,新しいことより、昨日の内容を1つ復習するのが良い日です。
2026-03-18 15:11:59,2026-03-18,小吉,証明を全部読むより、主張と仮定だけ確認すると前進できます。
2026-03-18 16:17:16,2026-03-18,凶,無理に進めず、既知の定理カードを眺めるだけでも十分です。
2026-03-18 17:02:09,2026-03-18,小吉,証明を全部読むより、主張と仮定だけ確認すると前進できます。
2026-03-18 18:01:55,2026-03-18,大吉,今日は集中力が高い日。短い復習を1つ片づけると流れが良くなります。
2026-03-18 19:04:04,2026-03-18,大吉,今日は集中力が高い日。短い復習を1つ片づけると流れが良くなります。
2026-03-18 20:03:08,2026-03-18,末吉,新しいことより、昨日の内容を1つ復習するのが良い日です。
2026-03-18 20:53:09,2026-03-18,小吉,証明を全部読むより、主張と仮定だけ確認すると前進できます。
2026-03-18 21:38:59,2026-03-18,吉,手を動かして式を1行だけ書くと調子が出ます。
2026-03-18 23:04:38,2026-03-18,凶,無理に進めず、既知の定理カードを眺めるだけでも十分です。
2026-03-19 00:19:22,2026-03-19,末吉,新しいことより、昨日の内容を1つ復習するのが良い日です。
2026-03-19 01:34:16,2026-03-19,大吉,今日は集中力が高い日。短い復習を1つ片づけると流れが良くなります。
2026-03-19 02:40:58,2026-03-19,末吉,新しいことより、昨日の内容を1つ復習するのが良い日です。
2026-03-19 03:36:10,2026-03-19,吉,手を動かして式を1行だけ書くと調子が出ます。
2026-03-19 04:32:38,2026-03-19,中吉,定義を1つ丁寧に見直すと理解が深まります。
2026-03-19 05:01:17,2026-03-19,小吉,証明を全部読むより、主張と仮定だけ確認すると前進できます。
2026-03-19 05:50:22,2026-03-19,小吉,証明を全部読むより、主張と仮定だけ確認すると前進できます。
2026-03-19 06:22:08,2026-03-19,凶,無理に進めず、既知の定理カードを眺めるだけでも十分です。
2026-03-19 06:53:27,2026-03-19,大吉,今日は集中力が高い日。短い復習を1つ片づけると流れが良くなります。
2026-03-19 07:21:11,2026-03-19,末吉,新しいことより、昨日の内容を1つ復習するのが良い日です。
2026-03-19 07:52:08,2026-03-19,中吉,定義を1つ丁寧に見直すと理解が深まります。
2026-03-19 08:18:53,2026-03-19,末吉,新しいことより、昨日の内容を1つ復習するのが良い日です。
2026-03-19 08:45:56,2026-03-19,吉,手を動かして式を1行だけ書くと調子が出ます。
2026-03-19 09:01:51,2026-03-19,大吉,今日は集中力が高い日。短い復習を1つ片づけると流れが良くなります。
2026-03-19 12:15:00,2026-03-19,中吉,定義を1つ丁寧に見直すと理解が深まります。
2026-03-19 14:04:12,2026-03-19,凶,無理に進めず、既知の定理カードを眺めるだけでも十分です。
2026-03-19 15:06:20,2026-03-19,小吉,証明を全部読むより、主張と仮定だけ確認すると前進できます。
2026-03-19 16:44:36,2026-03-19,末吉,新しいことより、昨日の内容を1つ復習するのが良い日です。
2026-03-19 17:37:51,2026-03-19,小吉,証明を全部読むより、主張と仮定だけ確認すると前進できます。
2026-03-19 18:39:28,2026-03-19,小吉,証明を全部読むより、主張と仮定だけ確認すると前進できます。
2026-03-19 19:36:28,2026-03-19,中吉,定義を1つ丁寧に見直すと理解が深まります。
2026-03-19 20:33:03,2026-03-19,小吉,証明を全部読むより、主張と仮定だけ確認すると前進できます。
2026-03-19 21:57:15,2026-03-19,大吉,今日は集中力が高い日。短い復習を1つ片づけると流れが良くなります。
2026-03-19 23:08:39,2026-03-19,凶,無理に進めず、既知の定理カードを眺めるだけでも十分です。
2026-03-20 00:51:52,2026-03-20,末吉,新しいことより、昨日の内容を1つ復習するのが良い日です。
2026-03-20 01:54:41,2026-03-20,吉,手を動かして式を1行だけ書くと調子が出ます。
2026-03-20 02:51:37,2026-03-20,吉,手を動かして式を1行だけ書くと調子が出ます。
2026-03-20 03:54:00,2026-03-20,末吉,新しいことより、昨日の内容を1つ復習するのが良い日です。
2026-03-20 04:44:06,2026-03-20,大吉,今日は集中力が高い日。短い復習を1つ片づけると流れが良くなります。
2026-03-20 05:33:21,2026-03-20,大吉,今日は集中力が高い日。短い復習を1つ片づけると流れが良くなります。
2026-03-20 06:31:53,2026-03-20,吉,手を動かして式を1行だけ書くと調子が出ます。
2026-03-20 07:24:20,2026-03-20,吉,手を動かして式を1行だけ書くと調子が出ます。
2026-03-20 08:26:43,2026-03-20,中吉,定義を1つ丁寧に見直すと理解が深まります。
2026-03-20 10:50:55,2026-03-20,中吉,定義を1つ丁寧に見直すと理解が深まります。
2026-03-20 13:11:43,2026-03-20,大吉,今日は集中力が高い日。短い復習を1つ片づけると流れが良くなります。
2026-03-20 14:49:22,2026-03-20,凶,無理に進めず、既知の定理カードを眺めるだけでも十分です。
2026-03-20 15:50:42,2026-03-20,小吉,証明を全部読むより、主張と仮定だけ確認すると前進できます。
2026-03-20 16:43:23,2026-03-20,小吉,証明を全部読むより、主張と仮定だけ確認すると前進できます。
2026-03-20 17:36:39,2026-03-20,末吉,新しいことより、昨日の内容を1つ復習するのが良い日です。
2026-03-20 18:37:31,2026-03-20,末吉,新しいことより、昨日の内容を1つ復習するのが良い日です。
2026-03-20 19:34:29,2026-03-20,小吉,証明を全部読むより、主張と仮定だけ確認すると前進できます。
2026-03-20 20:28:43,2026-03-20,吉,手を動かして式を1行だけ書くと調子が出ます。
2026-03-20 21:52:51,2026-03-20,大吉,今日は集中力が高い日。短い復習を1つ片づけると流れが良くなります。
2026-03-20 22:59:22,2026-03-20,中吉,定義を1つ丁寧に見直すと理解が深まります。
2026-03-20 23:52:37,2026-03-20,吉,手を動かして式を1行だけ書くと調子が出ます。
2026-03-21 00:39:04,2026-03-21,小吉,証明を全部読むより、主張と仮定だけ確認すると前進できます。
2026-03-21 01:38:59,2026-03-21,大吉,今日は集中力が高い日。短い復習を1つ片づけると流れが良くなります。
2026-03-21 02:33:27,2026-03-21,大吉,今日は集中力が高い日。短い復習を1つ片づけると流れが良くなります。
2026-03-21 03:42:50,2026-03-21,吉,手を動かして式を1行だけ書くと調子が出ます。
2026-03-21 04:35:14,2026-03-21,中吉,定義を1つ丁寧に見直すと理解が深まります。
2026-03-21 05:27:57,2026-03-21,吉,手を動かして式を1行だけ書くと調子が出ます。
2026-03-21 06:27:00,2026-03-21,吉,手を動かして式を1行だけ書くと調子が出ます。
2026-03-21 07:24:46,2026-03-21,大吉,今日は集中力が高い日。短い復習を1つ片づけると流れが良くなります。
2026-03-21 08:25:29,2026-03-21,凶,無理に進めず、既知の定理カードを眺めるだけでも十分です。
2026-03-21 10:45:05,2026-03-21,凶,無理に進めず、既知の定理カードを眺めるだけでも十分です。
2026-03-21 13:02:31,2026-03-21,中吉,定義を1つ丁寧に見直すと理解が深まります。
2026-03-21 14:37:47,2026-03-21,大吉,今日は集中力が高い日。短い復習を1つ片づけると流れが良くなります。
2026-03-21 15:38:12,2026-03-21,末吉,新しいことより、昨日の内容を1つ復習するのが良い日です。
2026-03-21 16:30:49,2026-03-21,中吉,定義を1つ丁寧に見直すと理解が深まります。
2026-03-21 17:28:29,2026-03-21,小吉,証明を全部読むより、主張と仮定だけ確認すると前進できます。
2026-03-21 18:28:18,2026-03-21,凶,無理に進めず、既知の定理カードを眺めるだけでも十分です。
2026-03-21 19:22:41,2026-03-21,凶,無理に進めず、既知の定理カードを眺めるだけでも十分です。
2026-03-21 20:20:13,2026-03-21,吉,手を動かして式を1行だけ書くと調子が出ます。
2026-03-21 21:40:34,2026-03-21,末吉,新しいことより、昨日の内容を1つ復習するのが良い日です。
2026-03-21 22:39:45,2026-03-21,凶,無理に進めず、既知の定理カードを眺めるだけでも十分です。
2026-03-21 23:23:24,2026-03-21,小吉,証明を全部読むより、主張と仮定だけ確認すると前進できます。
2026-03-22 00:22:10,2026-03-22,小吉,証明を全部読むより、主張と仮定だけ確認すると前進できます。
2026-03-22 01:25:09,2026-03-22,大吉,今日は集中力が高い日。短い復習を1つ片づけると流れが良くなります。
2026-03-22 02:22:27,2026-03-22,大吉,今日は集中力が高い日。短い復習を1つ片づけると流れが良くなります。
2026-03-22 03:31:20,2026-03-22,末吉,新しいことより、昨日の内容を1つ復習するのが良い日です。
2026-03-22 04:21:15,2026-03-22,中吉,定義を1つ丁寧に見直すと理解が深まります。
2026-03-22 05:21:57,2026-03-22,小吉,証明を全部読むより、主張と仮定だけ確認すると前進できます。
2026-03-22 06:21:13,2026-03-22,大吉,今日は集中力が高い日。短い復習を1つ片づけると流れが良くなります。
2026-03-22 07:20:31,2026-03-22,凶,無理に進めず、既知の定理カードを眺めるだけでも十分です。
2026-03-22 08:21:03,2026-03-22,小吉,証明を全部読むより、主張と仮定だけ確認すると前進できます。
2026-03-22 10:56:30,2026-03-22,大吉,今日は集中力が高い日。短い復習を1つ片づけると流れが良くなります。
2026-03-22 13:21:05,2026-03-22,大吉,今日は集中力が高い日。短い復習を1つ片づけると流れが良くなります。
2026-03-22 14:51:08,2026-03-22,大吉,今日は集中力が高い日。短い復習を1つ片づけると流れが良くなります。
2026-03-22 15:45:44,2026-03-22,小吉,証明を全部読むより、主張と仮定だけ確認すると前進できます。
2026-03-22 16:36:04,2026-03-22,大吉,今日は集中力が高い日。短い復習を1つ片づけると流れが良くなります。
2026-03-22 17:30:27,2026-03-22,末吉,新しいことより、昨日の内容を1つ復習するのが良い日です。
2026-03-22 18:28:40,2026-03-22,末吉,新しいことより、昨日の内容を1つ復習するのが良い日です。
2026-03-22 19:23:57,2026-03-22,吉,手を動かして式を1行だけ書くと調子が出ます。
2026-03-22 20:20:36,2026-03-22,凶,無理に進めず、既知の定理カードを眺めるだけでも十分です。
2026-03-22 21:42:39,2026-03-22,中吉,定義を1つ丁寧に見直すと理解が深まります。
2026-03-22 22:41:21,2026-03-22,凶,無理に進めず、既知の定理カードを眺めるだけでも十分です。
2026-03-22 23:24:47,2026-03-22,凶,無理に進めず、既知の定理カードを眺めるだけでも十分です。
2026-03-23 00:22:47,2026-03-23,大吉,今日は集中力が高い日。短い復習を1つ片づけると流れが良くなります。
2026-03-23 01:26:09,2026-03-23,凶,無理に進めず、既知の定理カードを眺めるだけでも十分です。
2026-03-23 02:22:50,2026-03-23,吉,手を動かして式を1行だけ書くと調子が出ます。
2026-03-23 03:31:51,2026-03-23,小吉,証明を全部読むより、主張と仮定だけ確認すると前進できます。
2026-03-23 04:22:17,2026-03-23,中吉,定義を1つ丁寧に見直すと理解が深まります。
2026-03-23 05:22:26,2026-03-23,吉,手を動かして式を1行だけ書くと調子が出ます。
2026-03-23 06:22:40,2026-03-23,末吉,新しいことより、昨日の内容を1つ復習するのが良い日です。
2026-03-23 07:21:45,2026-03-23,小吉,証明を全部読むより、主張と仮定だけ確認すると前進できます。
2026-03-23 08:24:06,2026-03-23,末吉,新しいことより、昨日の内容を1つ復習するのが良い日です。
2026-03-23 10:57:30,2026-03-23,中吉,定義を1つ丁寧に見直すと理解が深まります。
2026-03-23 13:31:11,2026-03-23,小吉,証明を全部読むより、主張と仮定だけ確認すると前進できます。
2026-03-23 15:08:35,2026-03-23,凶,無理に進めず、既知の定理カードを眺めるだけでも十分です。
2026-03-23 17:00:24,2026-03-23,中吉,定義を1つ丁寧に見直すと理解が深まります。
2026-03-23 18:58:51,2026-03-23,中吉,定義を1つ丁寧に見直すと理解が深まります。
2026-03-23 19:59:09,2026-03-23,末吉,新しいことより、昨日の内容を1つ復習するのが良い日です。
2026-03-23 20:49:20,2026-03-23,吉,手を動かして式を1行だけ書くと調子が出ます。
2026-03-23 21:59:18,2026-03-23,凶,無理に進めず、既知の定理カードを眺めるだけでも十分です。
2026-03-23 23:18:42,2026-03-23,小吉,証明を全部読むより、主張と仮定だけ確認すると前進できます。
2026-03-24 01:00:16,2026-03-24,凶,無理に進めず、既知の定理カードを眺めるだけでも十分です。
2026-03-24 02:49:10,2026-03-24,小吉,証明を全部読むより、主張と仮定だけ確認すると前進できます。
2026-03-24 03:49:40,2026-03-24,吉,手を動かして式を1行だけ書くと調子が出ます。
2026-03-24 04:45:42,2026-03-24,凶,無理に進めず、既知の定理カードを眺めるだけでも十分です。
2026-03-24 05:34:56,2026-03-24,小吉,証明を全部読むより、主張と仮定だけ確認すると前進できます。
2026-03-24 06:32:56,2026-03-24,小吉,証明を全部読むより、主張と仮定だけ確認すると前進できます。
2026-03-24 07:28:38,2026-03-24,小吉,証明を全部読むより、主張と仮定だけ確認すると前進できます。
2026-03-24 08:29:00,2026-03-24,小吉,証明を全部読むより、主張と仮定だけ確認すると前進できます。
2026-03-24 10:49:19,2026-03-24,小吉,証明を全部読むより、主張と仮定だけ確認すると前進できます。
2026-03-24 13:15:55,2026-03-24,大吉,今日は集中力が高い日。短い復習を1つ片づけると流れが良くなります。
2026-03-24 14:57:43,2026-03-24,吉,手を動かして式を1行だけ書くと調子が出ます。
2026-03-24 16:09:23,2026-03-24,末吉,新しいことより、昨日の内容を1つ復習するのが良い日です。
2026-03-24 17:48:17,2026-03-24,大吉,今日は集中力が高い日。短い復習を1つ片づけると流れが良くなります。
2026-03-24 18:53:08,2026-03-24,小吉,証明を全部読むより、主張と仮定だけ確認すると前進できます。
2026-03-24 19:48:54,2026-03-24,中吉,定義を1つ丁寧に見直すと理解が深まります。
2026-03-24 20:42:39,2026-03-24,中吉,定義を1つ丁寧に見直すと理解が深まります。
2026-03-24 22:04:17,2026-03-24,小吉,証明を全部読むより、主張と仮定だけ確認すると前進できます。
2026-03-24 23:54:29,2026-03-24,凶,無理に進めず、既知の定理カードを眺めるだけでも十分です。
2026-03-25 01:03:53,2026-03-25,凶,無理に進めず、既知の定理カードを眺めるだけでも十分です。
2026-03-25 02:53:31,2026-03-25,末吉,新しいことより、昨日の内容を1つ復習するのが良い日です。
2026-03-25 03:58:23,2026-03-25,末吉,新しいことより、昨日の内容を1つ復習するのが良い日です。
2026-03-25 04:54:37,2026-03-25,凶,無理に進めず、既知の定理カードを眺めるだけでも十分です。
2026-03-25 05:37:34,2026-03-25,凶,無理に進めず、既知の定理カードを眺めるだけでも十分です。
2026-03-25 06:34:37,2026-03-25,吉,手を動かして式を1行だけ書くと調子が出ます。
2026-03-25 07:27:23,2026-03-25,小吉,証明を全部読むより、主張と仮定だけ確認すると前進できます。
2026-03-25 08:28:24,2026-03-25,大吉,今日は集中力が高い日。短い復習を1つ片づけると流れが良くなります。
2026-03-25 10:55:03,2026-03-25,吉,手を動かして式を1行だけ書くと調子が出ます。
2026-03-25 13:19:07,2026-03-25,小吉,証明を全部読むより、主張と仮定だけ確認すると前進できます。
2026-03-25 14:58:07,2026-03-25,吉,手を動かして式を1行だけ書くと調子が出ます。
2026-03-25 16:09:08,2026-03-25,中吉,定義を1つ丁寧に見直すと理解が深まります。
2026-03-25 17:44:48,2026-03-25,中吉,定義を1つ丁寧に見直すと理解が深まります。
2026-03-25 18:51:10,2026-03-25,小吉,証明を全部読むより、主張と仮定だけ確認すると前進できます。
2026-03-25 19:44:29,2026-03-25,小吉,証明を全部読むより、主張と仮定だけ確認すると前進できます。
2026-03-25 20:39:18,2026-03-25,小吉,証明を全部読むより、主張と仮定だけ確認すると前進できます。
2026-03-25 22:01:33,2026-03-25,中吉,定義を1つ丁寧に見直すと理解が深まります。
2026-03-25 23:55:49,2026-03-25,大吉,今日は集中力が高い日。短い復習を1つ片づけると流れが良くなります。
2026-03-26 01:09:06,2026-03-26,末吉,新しいことより、昨日の内容を1つ復習するのが良い日です。
2026-03-26 02:55:43,2026-03-26,大吉,今日は集中力が高い日。短い復習を1つ片づけると流れが良くなります。
2026-03-26 03:53:59,2026-03-26,末吉,新しいことより、昨日の内容を1つ復習するのが良い日です。
2026-03-26 04:44:02,2026-03-26,大吉,今日は集中力が高い日。短い復習を1つ片づけると流れが良くなります。
2026-03-26 05:35:00,2026-03-26,小吉,証明を全部読むより、主張と仮定だけ確認すると前進できます。
2026-03-26 06:35:23,2026-03-26,吉,手を動かして式を1行だけ書くと調子が出ます。
2026-03-26 07:32:03,2026-03-26,小吉,証明を全部読むより、主張と仮定だけ確認すると前進できます。
2026-03-26 08:31:20,2026-03-26,末吉,新しいことより、昨日の内容を1つ復習するのが良い日です。
2026-03-26 11:01:30,2026-03-26,小吉,証明を全部読むより、主張と仮定だけ確認すると前進できます。
2026-03-26 14:02:39,2026-03-26,吉,手を動かして式を1行だけ書くと調子が出ます。
2026-03-26 16:03:37,2026-03-26,中吉,定義を1つ丁寧に見直すと理解が深まります。
2026-03-26 17:50:06,2026-03-26,小吉,証明を全部読むより、主張と仮定だけ確認すると前進できます。
2026-03-26 18:57:53,2026-03-26,小吉,証明を全部読むより、主張と仮定だけ確認すると前進できます。
2026-03-26 19:56:21,2026-03-26,大吉,今日は集中力が高い日。短い復習を1つ片づけると流れが良くなります。
2026-03-26 20:50:11,2026-03-26,末吉,新しいことより、昨日の内容を1つ復習するのが良い日です。
2026-03-26 22:06:44,2026-03-26,凶,無理に進めず、既知の定理カードを眺めるだけでも十分です。
2026-03-27 00:00:51,2026-03-27,中吉,定義を1つ丁寧に見直すと理解が深まります。
2026-03-27 01:57:10,2026-03-27,末吉,新しいことより、昨日の内容を1つ復習するのが良い日です。
2026-03-27 03:00:47,2026-03-27,末吉,新しいことより、昨日の内容を1つ復習するのが良い日です。
2026-03-27 04:53:02,2026-03-27,小吉,証明を全部読むより、主張と仮定だけ確認すると前進できます。
2026-03-27 05:32:48,2026-03-27,吉,手を動かして式を1行だけ書くと調子が出ます。
2026-03-27 06:28:08,2026-03-27,末吉,新しいことより、昨日の内容を1つ復習するのが良い日です。
2026-03-27 07:25:45,2026-03-27,小吉,証明を全部読むより、主張と仮定だけ確認すると前進できます。
2026-03-27 08:29:13,2026-03-27,小吉,証明を全部読むより、主張と仮定だけ確認すると前進できます。
2026-03-27 11:02:05,2026-03-27,末吉,新しいことより、昨日の内容を1つ復習するのが良い日です。
2026-03-27 14:04:17,2026-03-27,末吉,新しいことより、昨日の内容を1つ復習するのが良い日です。
2026-03-27 16:02:25,2026-03-27,中吉,定義を1つ丁寧に見直すと理解が深まります。
2026-03-27 17:45:40,2026-03-27,末吉,新しいことより、昨日の内容を1つ復習するのが良い日です。
2026-03-27 18:51:35,2026-03-27,末吉,新しいことより、昨日の内容を1つ復習するのが良い日です。
2026-03-27 19:43:29,2026-03-27,中吉,定義を1つ丁寧に見直すと理解が深まります。
2026-03-27 20:39:05,2026-03-27,凶,無理に進めず、既知の定理カードを眺めるだけでも十分です。
2026-03-27 21:58:19,2026-03-27,中吉,定義を1つ丁寧に見直すと理解が深まります。
2026-03-27 23:14:00,2026-03-27,中吉,定義を1つ丁寧に見直すと理解が深まります。
2026-03-28 00:50:03,2026-03-28,吉,手を動かして式を1行だけ書くと調子が出ます。
2026-03-28 01:51:23,2026-03-28,吉,手を動かして式を1行だけ書くと調子が出ます。
2026-03-28 02:46:50,2026-03-28,中吉,定義を1つ丁寧に見直すと理解が深まります。
2026-03-28 03:51:31,2026-03-28,小吉,証明を全部読むより、主張と仮定だけ確認すると前進できます。
2026-03-28 04:39:30,2026-03-28,中吉,定義を1つ丁寧に見直すと理解が深まります。
2026-03-28 05:34:45,2026-03-28,末吉,新しいことより、昨日の内容を1つ復習するのが良い日です。
2026-03-28 06:31:22,2026-03-28,末吉,新しいことより、昨日の内容を1つ復習するのが良い日です。
2026-03-28 07:28:14,2026-03-28,末吉,新しいことより、昨日の内容を1つ復習するのが良い日です。
2026-03-28 08:28:48,2026-03-28,小吉,証明を全部読むより、主張と仮定だけ確認すると前進できます。
2026-03-28 10:53:15,2026-03-28,小吉,証明を全部読むより、主張と仮定だけ確認すると前進できます。
2026-03-28 13:18:07,2026-03-28,吉,手を動かして式を1行だけ書くと調子が出ます。
2026-03-28 14:54:26,2026-03-28,末吉,新しいことより、昨日の内容を1つ復習するのが良い日です。
2026-03-28 15:54:38,2026-03-28,中吉,定義を1つ丁寧に見直すと理解が深まります。
2026-03-28 16:42:38,2026-03-28,末吉,新しいことより、昨日の内容を1つ復習するのが良い日です。
2026-03-28 17:34:56,2026-03-28,凶,無理に進めず、既知の定理カードを眺めるだけでも十分です。
2026-03-28 18:33:35,2026-03-28,小吉,証明を全部読むより、主張と仮定だけ確認すると前進できます。
2026-03-28 19:28:08,2026-03-28,大吉,今日は集中力が高い日。短い復習を1つ片づけると流れが良くなります。
2026-03-28 20:25:11,2026-03-28,小吉,証明を全部読むより、主張と仮定だけ確認すると前進できます。
2026-03-28 21:46:55,2026-03-28,凶,無理に進めず、既知の定理カードを眺めるだけでも十分です。
2026-03-28 22:48:40,2026-03-28,凶,無理に進めず、既知の定理カードを眺めるだけでも十分です。
2026-03-28 23:28:36,2026-03-28,吉,手を動かして式を1行だけ書くと調子が出ます。
2026-03-29 00:27:17,2026-03-29,凶,無理に進めず、既知の定理カードを眺めるだけでも十分です。
2026-03-29 01:29:27,2026-03-29,小吉,証明を全部読むより、主張と仮定だけ確認すると前進できます。
2026-03-29 02:25:29,2026-03-29,中吉,定義を1つ丁寧に見直すと理解が深まります。
2026-03-29 03:35:50,2026-03-29,末吉,新しいことより、昨日の内容を1つ復習するのが良い日です。
2026-03-29 04:27:04,2026-03-29,中吉,定義を1つ丁寧に見直すと理解が深まります。
2026-03-29 05:25:46,2026-03-29,凶,無理に進めず、既知の定理カードを眺めるだけでも十分です。
2026-03-29 06:26:52,2026-03-29,大吉,今日は集中力が高い日。短い復習を1つ片づけると流れが良くなります。
2026-03-29 07:25:34,2026-03-29,大吉,今日は集中力が高い日。短い復習を1つ片づけると流れが良くなります。
2026-03-29 08:27:26,2026-03-29,大吉,今日は集中力が高い日。短い復習を1つ片づけると流れが良くなります。
2026-03-29 11:04:30,2026-03-29,小吉,証明を全部読むより、主張と仮定だけ確認すると前進できます。
2026-03-29 14:07:50,2026-03-29,凶,無理に進めず、既知の定理カードを眺めるだけでも十分です。
2026-03-29 15:58:42,2026-03-29,中吉,定義を1つ丁寧に見直すと理解が深まります。
2026-03-29 16:54:18,2026-03-29,大吉,今日は集中力が高い日。短い復習を1つ片づけると流れが良くなります。
2026-03-29 17:35:49,2026-03-29,中吉,定義を1つ丁寧に見直すと理解が深まります。
2026-03-29 18:33:30,2026-03-29,中吉,定義を1つ丁寧に見直すと理解が深まります。
2026-03-29 19:29:16,2026-03-29,凶,無理に進めず、既知の定理カードを眺めるだけでも十分です。
2026-03-29 20:25:54,2026-03-29,中吉,定義を1つ丁寧に見直すと理解が深まります。
2026-03-29 21:47:33,2026-03-29,凶,無理に進めず、既知の定理カードを眺めるだけでも十分です。
2026-03-29 22:50:47,2026-03-29,凶,無理に進めず、既知の定理カードを眺めるだけでも十分です。
2026-03-29 23:30:55,2026-03-29,中吉,定義を1つ丁寧に見直すと理解が深まります。
2026-03-30 00:28:04,2026-03-30,中吉,定義を1つ丁寧に見直すと理解が深まります。
2026-03-30 01:31:07,2026-03-30,中吉,定義を1つ丁寧に見直すと理解が深まります。
2026-03-30 02:26:54,2026-03-30,末吉,新しいことより、昨日の内容を1つ復習するのが良い日です。
2026-03-30 03:37:09,2026-03-30,末吉,新しいことより、昨日の内容を1つ復習するのが良い日です。
2026-03-30 04:29:34,2026-03-30,凶,無理に進めず、既知の定理カードを眺めるだけでも十分です。
2026-03-30 05:27:27,2026-03-30,小吉,証明を全部読むより、主張と仮定だけ確認すると前進できます。
2026-03-30 06:28:10,2026-03-30,吉,手を動かして式を1行だけ書くと調子が出ます。
2026-03-30 07:26:47,2026-03-30,中吉,定義を1つ丁寧に見直すと理解が深まります。
2026-03-30 08:28:36,2026-03-30,凶,無理に進めず、既知の定理カードを眺めるだけでも十分です。
2026-03-30 11:06:46,2026-03-30,凶,無理に進めず、既知の定理カードを眺めるだけでも十分です。
2026-03-30 14:21:04,2026-03-30,吉,手を動かして式を1行だけ書くと調子が出ます。
2026-03-30 16:22:41,2026-03-30,凶,無理に進めず、既知の定理カードを眺めるだけでも十分です。
2026-03-30 18:07:40,2026-03-30,吉,手を動かして式を1行だけ書くと調子が出ます。
2026-03-30 19:58:48,2026-03-30,吉,手を動かして式を1行だけ書くと調子が出ます。
2026-03-30 20:57:30,2026-03-30,中吉,定義を1つ丁寧に見直すと理解が深まります。
2026-03-30 22:27:18,2026-03-30,中吉,定義を1つ丁寧に見直すと理解が深まります。
2026-03-31 00:00:44,2026-03-31,大吉,今日は集中力が高い日。短い復習を1つ片づけると流れが良くなります。
2026-03-31 01:52:22,2026-03-31,小吉,証明を全部読むより、主張と仮定だけ確認すると前進できます。
2026-03-31 02:52:01,2026-03-31,凶,無理に進めず、既知の定理カードを眺めるだけでも十分です。
2026-03-31 03:58:49,2026-03-31,大吉,今日は集中力が高い日。短い復習を1つ片づけると流れが良くなります。
2026-03-31 04:57:37,2026-03-31,中吉,定義を1つ丁寧に見直すと理解が深まります。
2026-03-31 05:50:53,2026-03-31,中吉,定義を1つ丁寧に見直すと理解が深まります。
2026-03-31 06:38:30,2026-03-31,末吉,新しいことより、昨日の内容を1つ復習するのが良い日です。
2026-03-31 07:31:41,2026-03-31,凶,無理に進めず、既知の定理カードを眺めるだけでも十分です。
2026-03-31 08:31:33,2026-03-31,末吉,新しいことより、昨日の内容を1つ復習するのが良い日です。
2026-03-31 11:02:56,2026-03-31,吉,手を動かして式を1行だけ書くと調子が出ます。
2026-03-31 14:06:06,2026-03-31,末吉,新しいことより、昨日の内容を1つ復習するのが良い日です。
2026-03-31 16:08:28,2026-03-31,中吉,定義を1つ丁寧に見直すと理解が深まります。
2026-03-31 17:54:07,2026-03-31,末吉,新しいことより、昨日の内容を1つ復習するのが良い日です。
2026-03-31 19:02:48,2026-03-31,小吉,証明を全部読むより、主張と仮定だけ確認すると前進できます。
2026-03-31 20:44:33,2026-03-31,中吉,定義を1つ丁寧に見直すと理解が深まります。
2026-03-31 22:10:05,2026-03-31,中吉,定義を1つ丁寧に見直すと理解が深まります。
2026-03-31 23:58:35,2026-03-31,大吉,今日は集中力が高い日。短い復習を1つ片づけると流れが良くなります。
2026-04-01 01:09:10,2026-04-01,凶,無理に進めず、既知の定理カードを眺めるだけでも十分です。
2026-04-01 02:53:40,2026-04-01,凶,無理に進めず、既知の定理カードを眺めるだけでも十分です。
2026-04-01 03:57:09,2026-04-01,吉,手を動かして式を1行だけ書くと調子が出ます。
2026-04-01 04:55:46,2026-04-01,凶,無理に進めず、既知の定理カードを眺めるだけでも十分です。
2026-04-01 05:40:23,2026-04-01,末吉,新しいことより、昨日の内容を1つ復習するのが良い日です。
2026-04-01 06:36:11,2026-04-01,末吉,新しいことより、昨日の内容を1つ復習するのが良い日です。
2026-04-01 07:31:09,2026-04-01,中吉,定義を1つ丁寧に見直すと理解が深まります。
2026-04-01 08:30:52,2026-04-01,小吉,証明を全部読むより、主張と仮定だけ確認すると前進できます。
2026-04-01 11:11:16,2026-04-01,大吉,今日は集中力が高い日。短い復習を1つ片づけると流れが良くなります。
2026-04-01 14:21:22,2026-04-01,凶,無理に進めず、既知の定理カードを眺めるだけでも十分です。
2026-04-01 16:15:46,2026-04-01,末吉,新しいことより、昨日の内容を1つ復習するのが良い日です。
2026-04-01 17:59:33,2026-04-01,中吉,定義を1つ丁寧に見直すと理解が深まります。
2026-04-01 19:12:30,2026-04-01,大吉,今日は集中力が高い日。短い復習を1つ片づけると流れが良くなります。
2026-04-01 20:50:36,2026-04-01,吉,手を動かして式を1行だけ書くと調子が出ます。
2026-04-01 22:13:51,2026-04-01,小吉,証明を全部読むより、主張と仮定だけ確認すると前進できます。
2026-04-02 00:01:13,2026-04-02,大吉,今日は集中力が高い日。短い復習を1つ片づけると流れが良くなります。
2026-04-02 01:50:29,2026-04-02,末吉,新しいことより、昨日の内容を1つ復習するのが良い日です。
2026-04-02 02:46:42,2026-04-02,中吉,定義を1つ丁寧に見直すと理解が深まります。
2026-04-02 03:56:47,2026-04-02,中吉,定義を1つ丁寧に見直すと理解が深まります。
2026-04-02 04:57:34,2026-04-02,末吉,新しいことより、昨日の内容を1つ復習するのが良い日です。
2026-04-02 05:49:44,2026-04-02,小吉,証明を全部読むより、主張と仮定だけ確認すると前進できます。
2026-04-02 06:38:12,2026-04-02,凶,無理に進めず、既知の定理カードを眺めるだけでも十分です。
2026-04-02 07:33:51,2026-04-02,中吉,定義を1つ丁寧に見直すと理解が深まります。
2026-04-02 08:32:53,2026-04-02,吉,手を動かして式を1行だけ書くと調子が出ます。
2026-04-02 10:59:08,2026-04-02,大吉,今日は集中力が高い日。短い復習を1つ片づけると流れが良くなります。
2026-04-02 13:35:04,2026-04-02,末吉,新しいことより、昨日の内容を1つ復習するのが良い日です。
2026-04-02 15:10:23,2026-04-02,大吉,今日は集中力が高い日。短い復習を1つ片づけると流れが良くなります。
2026-04-02 17:04:01,2026-04-02,中吉,定義を1つ丁寧に見直すと理解が深まります。
2026-04-02 18:58:15,2026-04-02,大吉,今日は集中力が高い日。短い復習を1つ片づけると流れが良くなります。
2026-04-02 19:56:42,2026-04-02,末吉,新しいことより、昨日の内容を1つ復習するのが良い日です。
2026-04-02 20:45:58,2026-04-02,末吉,新しいことより、昨日の内容を1つ復習するのが良い日です。
2026-04-02 22:04:56,2026-04-02,中吉,定義を1つ丁寧に見直すと理解が深まります。
2026-04-02 23:52:31,2026-04-02,小吉,証明を全部読むより、主張と仮定だけ確認すると前進できます。
2026-04-03 00:57:44,2026-04-03,小吉,証明を全部読むより、主張と仮定だけ確認すると前進できます。
2026-04-03 01:59:01,2026-04-03,中吉,定義を1つ丁寧に見直すと理解が深まります。
2026-04-03 02:54:11,2026-04-03,小吉,証明を全部読むより、主張と仮定だけ確認すると前進できます。
2026-04-03 03:52:19,2026-04-03,吉,手を動かして式を1行だけ書くと調子が出ます。
2026-04-03 04:47:54,2026-04-03,大吉,今日は集中力が高い日。短い復習を1つ片づけると流れが良くなります。
2026-04-03 05:32:03,2026-04-03,凶,無理に進めず、既知の定理カードを眺めるだけでも十分です。
2026-04-03 06:33:55,2026-04-03,小吉,証明を全部読むより、主張と仮定だけ確認すると前進できます。
2026-04-03 07:27:50,2026-04-03,凶,無理に進めず、既知の定理カードを眺めるだけでも十分です。
2026-04-03 08:31:36,2026-04-03,末吉,新しいことより、昨日の内容を1つ復習するのが良い日です。
2026-04-03 11:00:46,2026-04-03,中吉,定義を1つ丁寧に見直すと理解が深まります。
2026-04-03 14:01:45,2026-04-03,吉,手を動かして式を1行だけ書くと調子が出ます。
2026-04-03 16:03:16,2026-04-03,大吉,今日は集中力が高い日。短い復習を1つ片づけると流れが良くなります。
2026-04-03 17:48:50,2026-04-03,吉,手を動かして式を1行だけ書くと調子が出ます。
2026-04-03 18:49:55,2026-04-03,末吉,新しいことより、昨日の内容を1つ復習するのが良い日です。
2026-04-03 19:39:24,2026-04-03,末吉,新しいことより、昨日の内容を1つ復習するのが良い日です。
2026-04-03 20:35:21,2026-04-03,大吉,今日は集中力が高い日。短い復習を1つ片づけると流れが良くなります。
2026-04-03 21:56:41,2026-04-03,吉,手を動かして式を1行だけ書くと調子が出ます。
2026-04-03 23:01:52,2026-04-03,凶,無理に進めず、既知の定理カードを眺めるだけでも十分です。
2026-04-04 00:36:34,2026-04-04,大吉,今日は集中力が高い日。短い復習を1つ片づけると流れが良くなります。
2026-04-04 01:36:22,2026-04-04,凶,無理に進めず、既知の定理カードを眺めるだけでも十分です。
2026-04-04 02:30:50,2026-04-04,大吉,今日は集中力が高い日。短い復習を1つ片づけると流れが良くなります。
2026-04-04 03:40:45,2026-04-04,小吉,証明を全部読むより、主張と仮定だけ確認すると前進できます。
2026-04-04 04:35:49,2026-04-04,吉,手を動かして式を1行だけ書くと調子が出ます。
2026-04-04 05:31:57,2026-04-04,凶,無理に進めず、既知の定理カードを眺めるだけでも十分です。
2026-04-04 06:29:45,2026-04-04,吉,手を動かして式を1行だけ書くと調子が出ます。
2026-04-04 07:29:18,2026-04-04,凶,無理に進めず、既知の定理カードを眺めるだけでも十分です。
2026-04-04 08:30:06,2026-04-04,小吉,証明を全部読むより、主張と仮定だけ確認すると前進できます。
2026-04-04 10:53:18,2026-04-04,凶,無理に進めず、既知の定理カードを眺めるだけでも十分です。
2026-04-04 13:14:43,2026-04-04,凶,無理に進めず、既知の定理カードを眺めるだけでも十分です。
2026-04-04 14:54:26,2026-04-04,吉,手を動かして式を1行だけ書くと調子が出ます。
2026-04-04 15:56:19,2026-04-04,吉,手を動かして式を1行だけ書くと調子が出ます。
2026-04-04 16:48:30,2026-04-04,小吉,証明を全部読むより、主張と仮定だけ確認すると前進できます。
2026-04-04 17:36:59,2026-04-04,凶,無理に進めず、既知の定理カードを眺めるだけでも十分です。
2026-04-04 18:34:07,2026-04-04,凶,無理に進めず、既知の定理カードを眺めるだけでも十分です。
2026-04-04 19:29:25,2026-04-04,大吉,今日は集中力が高い日。短い復習を1つ片づけると流れが良くなります。
2026-04-04 20:25:51,2026-04-04,末吉,新しいことより、昨日の内容を1つ復習するのが良い日です。
2026-04-04 21:47:22,2026-04-04,小吉,証明を全部読むより、主張と仮定だけ確認すると前進できます。
2026-04-04 22:50:54,2026-04-04,吉,手を動かして式を1行だけ書くと調子が出ます。
2026-04-04 23:31:12,2026-04-04,中吉,定義を1つ丁寧に見直すと理解が深まります。
2026-04-05 00:28:02,2026-04-05,小吉,証明を全部読むより、主張と仮定だけ確認すると前進できます。
2026-04-05 01:31:06,2026-04-05,吉,手を動かして式を1行だけ書くと調子が出ます。
2026-04-05 02:26:39,2026-04-05,中吉,定義を1つ丁寧に見直すと理解が深まります。
2026-04-05 03:36:37,2026-04-05,凶,無理に進めず、既知の定理カードを眺めるだけでも十分です。
2026-04-05 04:28:09,2026-04-05,大吉,今日は集中力が高い日。短い復習を1つ片づけると流れが良くなります。
2026-04-05 05:26:19,2026-04-05,小吉,証明を全部読むより、主張と仮定だけ確認すると前進できます。
2026-04-05 06:27:52,2026-04-05,凶,無理に進めず、既知の定理カードを眺めるだけでも十分です。
2026-04-05 07:25:54,2026-04-05,吉,手を動かして式を1行だけ書くと調子が出ます。
2026-04-05 08:27:43,2026-04-05,中吉,定義を1つ丁寧に見直すと理解が深まります。
2026-04-05 11:06:13,2026-04-05,中吉,定義を1つ丁寧に見直すと理解が深まります。
2026-04-05 14:08:57,2026-04-05,末吉,新しいことより、昨日の内容を1つ復習するのが良い日です。
2026-04-05 16:01:17,2026-04-05,吉,手を動かして式を1行だけ書くと調子が出ます。
2026-04-05 17:38:39,2026-04-05,末吉,新しいことより、昨日の内容を1つ復習するのが良い日です。
2026-04-05 18:35:28,2026-04-05,中吉,定義を1つ丁寧に見直すと理解が深まります。
2026-04-05 19:29:30,2026-04-05,凶,無理に進めず、既知の定理カードを眺めるだけでも十分です。
2026-04-05 20:26:49,2026-04-05,小吉,証明を全部読むより、主張と仮定だけ確認すると前進できます。
2026-04-05 21:51:01,2026-04-05,小吉,証明を全部読むより、主張と仮定だけ確認すると前進できます。
2026-04-05 22:52:05,2026-04-05,吉,手を動かして式を1行だけ書くと調子が出ます。
2026-04-05 23:32:29,2026-04-05,小吉,証明を全部読むより、主張と仮定だけ確認すると前進できます。
2026-04-06 00:29:02,2026-04-06,凶,無理に進めず、既知の定理カードを眺めるだけでも十分です。
2026-04-06 01:32:45,2026-04-06,吉,手を動かして式を1行だけ書くと調子が出ます。
2026-04-06 02:26:51,2026-04-06,末吉,新しいことより、昨日の内容を1つ復習するのが良い日です。
2026-04-06 03:38:36,2026-04-06,凶,無理に進めず、既知の定理カードを眺めるだけでも十分です。
2026-04-06 04:31:28,2026-04-06,末吉,新しいことより、昨日の内容を1つ復習するのが良い日です。
2026-04-06 05:28:25,2026-04-06,凶,無理に進めず、既知の定理カードを眺めるだけでも十分です。
2026-04-06 06:27:51,2026-04-06,凶,無理に進めず、既知の定理カードを眺めるだけでも十分です。
2026-04-06 07:27:47,2026-04-06,末吉,新しいことより、昨日の内容を1つ復習するのが良い日です。
2026-04-06 08:29:50,2026-04-06,大吉,今日は集中力が高い日。短い復習を1つ片づけると流れが良くなります。
2026-04-06 11:07:36,2026-04-06,吉,手を動かして式を1行だけ書くと調子が出ます。
2026-04-06 14:20:24,2026-04-06,吉,手を動かして式を1行だけ書くと調子が出ます。
2026-04-06 16:24:45,2026-04-06,末吉,新しいことより、昨日の内容を1つ復習するのが良い日です。
2026-04-06 18:04:49,2026-04-06,小吉,証明を全部読むより、主張と仮定だけ確認すると前進できます。
2026-04-06 19:52:36,2026-04-06,小吉,証明を全部読むより、主張と仮定だけ確認すると前進できます。
2026-04-06 20:44:41,2026-04-06,大吉,今日は集中力が高い日。短い復習を1つ片づけると流れが良くなります。
2026-04-06 22:02:28,2026-04-06,中吉,定義を1つ丁寧に見直すと理解が深まります。
2026-04-06 23:42:49,2026-04-06,小吉,証明を全部読むより、主張と仮定だけ確認すると前進できます。
2026-04-07 00:42:14,2026-04-07,末吉,新しいことより、昨日の内容を1つ復習するのが良い日です。
2026-04-07 01:42:15,2026-04-07,末吉,新しいことより、昨日の内容を1つ復習するのが良い日です。
2026-04-07 02:41:15,2026-04-07,吉,手を動かして式を1行だけ書くと調子が出ます。
2026-04-07 03:53:37,2026-04-07,大吉,今日は集中力が高い日。短い復習を1つ片づけると流れが良くなります。
2026-04-07 04:50:53,2026-04-07,大吉,今日は集中力が高い日。短い復習を1つ片づけると流れが良くなります。
2026-04-07 05:34:33,2026-04-07,小吉,証明を全部読むより、主張と仮定だけ確認すると前進できます。
2026-04-07 06:34:50,2026-04-07,吉,手を動かして式を1行だけ書くと調子が出ます。
2026-04-07 07:32:35,2026-04-07,末吉,新しいことより、昨日の内容を1つ復習するのが良い日です。
2026-04-07 08:31:59,2026-04-07,凶,無理に進めず、既知の定理カードを眺めるだけでも十分です。
2026-04-07 11:03:33,2026-04-07,吉,手を動かして式を1行だけ書くと調子が出ます。
2026-04-07 14:06:15,2026-04-07,中吉,定義を1つ丁寧に見直すと理解が深まります。
2026-04-07 16:10:31,2026-04-07,大吉,今日は集中力が高い日。短い復習を1つ片づけると流れが良くなります。
2026-04-07 17:57:44,2026-04-07,凶,無理に進めず、既知の定理カードを眺めるだけでも十分です。
2026-04-07 19:09:38,2026-04-07,大吉,今日は集中力が高い日。短い復習を1つ片づけると流れが良くなります。
2026-04-07 20:51:25,2026-04-07,末吉,新しいことより、昨日の内容を1つ復習するのが良い日です。
2026-04-07 22:12:02,2026-04-07,大吉,今日は集中力が高い日。短い復習を1つ片づけると流れが良くなります。
2026-04-08 00:04:22,2026-04-08,吉,手を動かして式を1行だけ書くと調子が出ます。
2026-04-08 01:53:47,2026-04-08,中吉,定義を1つ丁寧に見直すと理解が深まります。
2026-04-08 02:56:15,2026-04-08,凶,無理に進めず、既知の定理カードを眺めるだけでも十分です。
2026-04-08 04:02:58,2026-04-08,中吉,定義を1つ丁寧に見直すと理解が深まります。
2026-04-08 05:42:16,2026-04-08,凶,無理に進めず、既知の定理カードを眺めるだけでも十分です。
2026-04-08 06:39:01,2026-04-08,大吉,今日は集中力が高い日。短い復習を1つ片づけると流れが良くなります。
2026-04-08 07:34:45,2026-04-08,凶,無理に進めず、既知の定理カードを眺めるだけでも十分です。
2026-04-08 08:34:01,2026-04-08,大吉,今日は集中力が高い日。短い復習を1つ片づけると流れが良くなります。
2026-04-08 11:04:41,2026-04-08,吉,手を動かして式を1行だけ書くと調子が出ます。
2026-04-08 14:08:03,2026-04-08,大吉,今日は集中力が高い日。短い復習を1つ片づけると流れが良くなります。
2026-04-08 16:13:11,2026-04-08,吉,手を動かして式を1行だけ書くと調子が出ます。
2026-04-08 17:57:02,2026-04-08,凶,無理に進めず、既知の定理カードを眺めるだけでも十分です。
2026-04-08 19:09:24,2026-04-08,吉,手を動かして式を1行だけ書くと調子が出ます。
2026-04-08 20:52:12,2026-04-08,小吉,証明を全部読むより、主張と仮定だけ確認すると前進できます。
2026-04-08 22:13:51,2026-04-08,大吉,今日は集中力が高い日。短い復習を1つ片づけると流れが良くなります。
2026-04-09 00:06:33,2026-04-09,凶,無理に進めず、既知の定理カードを眺めるだけでも十分です。
2026-04-09 01:57:44,2026-04-09,大吉,今日は集中力が高い日。短い復習を1つ片づけると流れが良くなります。
2026-04-09 03:08:50,2026-04-09,小吉,証明を全部読むより、主張と仮定だけ確認すると前進できます。
2026-04-09 04:56:48,2026-04-09,中吉,定義を1つ丁寧に見直すと理解が深まります。
2026-04-09 05:43:40,2026-04-09,小吉,証明を全部読むより、主張と仮定だけ確認すると前進できます。
2026-04-09 06:38:01,2026-04-09,吉,手を動かして式を1行だけ書くと調子が出ます。
2026-04-09 07:35:28,2026-04-09,凶,無理に進めず、既知の定理カードを眺めるだけでも十分です。
2026-04-09 08:34:43,2026-04-09,凶,無理に進めず、既知の定理カードを眺めるだけでも十分です。
2026-04-09 10:56:18,2026-04-09,大吉,今日は集中力が高い日。短い復習を1つ片づけると流れが良くなります。
2026-04-09 13:33:52,2026-04-09,大吉,今日は集中力が高い日。短い復習を1つ片づけると流れが良くなります。
2026-04-09 15:19:29,2026-04-09,大吉,今日は集中力が高い日。短い復習を1つ片づけると流れが良くなります。
2026-04-09 17:18:31,2026-04-09,末吉,新しいことより、昨日の内容を1つ復習するのが良い日です。
2026-04-09 19:09:46,2026-04-09,大吉,今日は集中力が高い日。短い復習を1つ片づけると流れが良くなります。
2026-04-09 20:52:53,2026-04-09,中吉,定義を1つ丁寧に見直すと理解が深まります。
2026-04-09 22:18:52,2026-04-09,凶,無理に進めず、既知の定理カードを眺めるだけでも十分です。
2026-04-10 00:19:16,2026-04-10,凶,無理に進めず、既知の定理カードを眺めるだけでも十分です。
2026-04-10 02:03:41,2026-04-10,小吉,証明を全部読むより、主張と仮定だけ確認すると前進できます。
2026-04-10 03:59:42,2026-04-10,小吉,証明を全部読むより、主張と仮定だけ確認すると前進できます。
2026-04-10 05:05:03,2026-04-10,中吉,定義を1つ丁寧に見直すと理解が深まります。
2026-04-10 06:42:18,2026-04-10,大吉,今日は集中力が高い日。短い復習を1つ片づけると流れが良くなります。
2026-04-10 07:37:17,2026-04-10,凶,無理に進めず、既知の定理カードを眺めるだけでも十分です。
2026-04-10 08:34:50,2026-04-10,中吉,定義を1つ丁寧に見直すと理解が深まります。
2026-04-10 11:09:18,2026-04-10,凶,無理に進めず、既知の定理カードを眺めるだけでも十分です。
2026-04-10 14:21:37,2026-04-10,吉,手を動かして式を1行だけ書くと調子が出ます。
2026-04-10 16:22:18,2026-04-10,中吉,定義を1つ丁寧に見直すと理解が深まります。
2026-04-10 18:04:39,2026-04-10,末吉,新しいことより、昨日の内容を1つ復習するのが良い日です。
2026-04-10 19:50:17,2026-04-10,中吉,定義を1つ丁寧に見直すと理解が深まります。
2026-04-10 20:43:58,2026-04-10,吉,手を動かして式を1行だけ書くと調子が出ます。
2026-04-10 22:01:44,2026-04-10,中吉,定義を1つ丁寧に見直すと理解が深まります。
2026-04-10 23:44:08,2026-04-10,末吉,新しいことより、昨日の内容を1つ復習するのが良い日です。
2026-04-11 00:48:08,2026-04-11,大吉,今日は集中力が高い日。短い復習を1つ片づけると流れが良くなります。
2026-04-11 01:46:10,2026-04-11,凶,無理に進めず、既知の定理カードを眺めるだけでも十分です。
2026-04-11 02:43:43,2026-04-11,中吉,定義を1つ丁寧に見直すと理解が深まります。
2026-04-11 03:45:57,2026-04-11,吉,手を動かして式を1行だけ書くと調子が出ます。
2026-04-11 04:40:57,2026-04-11,小吉,証明を全部読むより、主張と仮定だけ確認すると前進できます。
2026-04-11 05:31:49,2026-04-11,吉,手を動かして式を1行だけ書くと調子が出ます。
2026-04-11 06:33:23,2026-04-11,末吉,新しいことより、昨日の内容を1つ復習するのが良い日です。
2026-04-11 07:33:58,2026-04-11,吉,手を動かして式を1行だけ書くと調子が出ます。
2026-04-11 08:31:50,2026-04-11,末吉,新しいことより、昨日の内容を1つ復習するのが良い日です。
2026-04-11 10:57:42,2026-04-11,吉,手を動かして式を1行だけ書くと調子が出ます。
2026-04-11 13:24:06,2026-04-11,吉,手を動かして式を1行だけ書くと調子が出ます。
2026-04-11 14:57:50,2026-04-11,中吉,定義を1つ丁寧に見直すと理解が深まります。
2026-04-11 16:05:39,2026-04-11,凶,無理に進めず、既知の定理カードを眺めるだけでも十分です。
2026-04-11 17:38:56,2026-04-11,吉,手を動かして式を1行だけ書くと調子が出ます。
2026-04-11 18:36:33,2026-04-11,吉,手を動かして式を1行だけ書くと調子が出ます。
2026-04-11 19:30:21,2026-04-11,小吉,証明を全部読むより、主張と仮定だけ確認すると前進できます。
2026-04-11 20:27:03,2026-04-11,凶,無理に進めず、既知の定理カードを眺めるだけでも十分です。
2026-04-11 21:50:34,2026-04-11,小吉,証明を全部読むより、主張と仮定だけ確認すると前進できます。
